model,accuracy,precision,recall,f1_score,roc_auc
Random Forest,0.7093023255813954,0.65,0.7027027027027027,0.6753246753246753,0.8102592388306675
